check,observed,expected,pass_,note
signature_size:early_up_transient_all,184,184,True,
signature_size:persistent_up_all_descriptive,50,50,True,
signature_size:up_to_down_reversal_all_descriptive,19,19,True,
signature_size:early_IFN_alpha_beta,6,6,True,
signature_size:early_retinoid_metabolism,5,5,True,
signature_size:early_ECM_GAG_exploratory,13,13,True,
discovery:Early184:5D_median,0.6214078986398849,0.6205,True,rounded target
discovery:Early184:15D_median,0.0130322535479264,0.013,True,rounded target
discovery:IFN6:5D_median,0.5779515252051082,0.578,True,rounded target
discovery:IFN6:15D_median,-0.01564796780030665,-0.016,True,rounded target
discovery:Retinoid5:5D_median,0.6505179681789417,0.651,True,rounded target
discovery:Retinoid5:15D_median,0.0476452712897781,0.048,True,rounded target
discovery:ECM13:5D_median,0.5685294057316098,0.569,True,rounded target
discovery:ECM13:15D_median,0.0463390417334358,0.046,True,rounded target
mouse_bulk:1mo:delta,0.0776512358785749,0.077651,True,
mouse_bulk:1mo:p2,0.9,0.9,True,
mouse_bulk:1mo:q,0.45,0.45,True,
mouse_bulk:3mo:delta,0.2312297124341362,0.23123,True,
mouse_bulk:3mo:p2,0.4,0.4,True,
mouse_bulk:3mo:q,0.3,0.3,True,
mouse_bulk:6mo:delta,0.19442736502503,0.194427,True,
mouse_bulk:6mo:p2,0.2,0.2,True,
mouse_bulk:6mo:q,0.3,0.3,True,
mouse_muller3mo:early_up_transient_all:median,-0.1146229952573776,-0.114623,True,
mouse_muller3mo:early_IFN_alpha_beta:median,-0.3330800533294678,-0.33308,True,
mouse_muller3mo:early_retinoid_metabolism:median,-0.5364328622817993,-0.536433,True,
mouse_muller3mo:early_ECM_GAG_exploratory:median,-0.2214904874563217,-0.22149,True,
human_muller:IFN:NON_mean,0.1134942151658478,0.1134942151658478,True,
human_muller:IFN:DM_mean,0.1903347884568236,0.1903347884568236,True,
human_muller:IFN:DR_mean,-0.31299241409138884,-0.3129924140913889,True,
human_muller:IFN:p_DM_gt_NON,0.4166666666666667,0.4166666666666667,True,
human_muller:IFN:p_DM_gt_DR,0.2,0.2,True,
human_muller:Retinoid:NON_mean,-0.091806658328542,-0.091806658328542,True,
human_muller:Retinoid:DM_mean,-0.020855636086913876,-0.0208556360869138,True,
human_muller:Retinoid:DR_mean,0.15335171455799834,0.1533517145579983,True,
human_muller:Retinoid:p_DM_gt_NON,0.40476190476190477,0.4047619047619047,True,
human_muller:Retinoid:p_DM_gt_DR,0.6857142857142857,0.6857142857142857,True,
human_muller:ECM_GAG:NON_mean,-0.027709744225950777,-0.0277097442259507,True,
human_muller:ECM_GAG:DM_mean,0.37822925708254296,0.3782292570825429,True,
human_muller:ECM_GAG:DR_mean,-0.24210732647298203,-0.2421073264729819,True,
human_muller:ECM_GAG:p_DM_gt_NON,0.17857142857142858,0.1785714285714285,True,
human_muller:ECM_GAG:p_DM_gt_DR,0.14285714285714285,0.1428571428571428,True,
human_muller:Early184:NON_mean,0.014326177157434908,0.0143261771574349,True,
human_muller:Early184:DM_mean,0.07368812923778555,0.0736881292377855,True,
human_muller:Early184:DR_mean,-0.07675536266449132,-0.0767553626644913,True,
human_muller:Early184:p_DM_gt_NON,0.39285714285714285,0.3928571428571428,True,
human_muller:Early184:p_DM_gt_DR,0.2857142857142857,0.2857142857142857,True,
human_muller:Persistent50:NON_mean,0.054802661810762786,0.0548026618107627,True,
human_muller:Persistent50:DM_mean,0.009864889454647049,0.009864889454647,True,
human_muller:Persistent50:DR_mean,-0.08960265980712918,-0.0896026598071291,True,
human_muller:Persistent50:p_DM_gt_NON,0.5714285714285714,0.5714285714285714,True,
human_muller:Persistent50:p_DM_gt_DR,0.4,0.4,True,
human_muller:Reversal19:NON_mean,-0.02528635844834856,-0.0252863584483485,True,
human_muller:Reversal19:DM_mean,0.17304103899709847,0.1730410389970984,True,
human_muller:Reversal19:DR_mean,-0.0918512415753005,-0.0918512415753005,True,
human_muller:Reversal19:p_DM_gt_NON,0.2619047619047619,0.2619047619047619,True,
human_muller:Reversal19:p_DM_gt_DR,0.14285714285714285,0.1428571428571428,True,
human_bulk:n_tests,40,40,True,
human_bulk:n_FDR_lt_0.05,0,0,True,
human_bulk:minp_signature,Retinoid5,Retinoid5,True,
human_bulk:minp_contrast,ADVvsCTRL_M,ADVvsCTRL_M,True,
human_bulk:minp,0.003921714997591,0.003922,True,
human_bulk:minp_FDR,0.1568685999036417,0.156869,True,
organoid:Early184:effect,0.0343712673673559,0.034371,True,
organoid:Early184:p,0.3813405114350329,0.381341,True,
organoid:Early184:FDR,0.5084540152467105,0.508454,True,
organoid:IFN6:effect,-0.2660268079295257,-0.266027,True,
organoid:IFN6:p,0.5942768188759924,0.594277,True,
organoid:IFN6:FDR,0.5942768188759924,0.594277,True,
organoid:Retinoid5:effect,-0.4411745935455556,-0.441175,True,
organoid:Retinoid5:p,0.0922070274400045,0.092207,True,
organoid:Retinoid5:FDR,0.3688281097600183,0.368828,True,
organoid:ECM13:effect,-0.2647589806057528,-0.264759,True,
organoid:ECM13:p,0.3779600212541792,0.37796,True,
organoid:ECM13:FDR,0.5084540152467105,0.508454,True,
organoid:DE_FDR05_total,2275,2275,True,
organoid:DE_FDR05_up,919,919,True,
organoid:DE_FDR05_down,1356,1356,True,
integration:rho:early_effect|late_effect,-0.027397906798045095,-0.027397906798045,True,
integration:p:early_effect|late_effect,0.7119936127391628,0.7119936127391631,True,
integration:rho:early_effect|bulk_1mo,0.12173579068206217,0.1217357906820621,True,
integration:p:early_effect|bulk_1mo,0.10550286650954771,0.1055028665095477,True,
integration:rho:early_effect|bulk_3mo,0.06598477119016437,0.0659847711901643,True,
integration:p:early_effect|bulk_3mo,0.3815202796661973,0.3815202796661973,True,
integration:rho:early_effect|muller3mo,-0.04013985475140144,-0.0401398547514014,True,
integration:p:early_effect|muller3mo,0.5885137623110231,0.5885137623110233,True,
integration:rho:early_effect|bulk_6mo,-0.08992700512485517,-0.0899270051248551,True,
integration:p:early_effect|bulk_6mo,0.2325783577382841,0.2325783577382842,True,
integration:rho:early_effect|organoid,0.15134361527178988,0.1513436152717898,True,
integration:p:early_effect|organoid,0.06449667015330005,0.0644966701533,True,
integration:rho:late_effect|bulk_1mo,0.013968098603367516,0.0139680986033675,True,
integration:p:late_effect|bulk_1mo,0.8531868641344741,0.853186864134474,True,
integration:rho:late_effect|bulk_3mo,0.09658830069352754,0.0965883006935275,True,
integration:p:late_effect|bulk_3mo,0.1996425089205263,0.1996425089205263,True,
integration:rho:late_effect|muller3mo,-0.04961867353493736,-0.0496186735349373,True,
integration:p:late_effect|muller3mo,0.503568309872421,0.5035683098724211,True,
integration:rho:late_effect|bulk_6mo,0.055707488077608835,0.0557074880776088,True,
integration:p:late_effect|bulk_6mo,0.46016929276440377,0.4601692927644039,True,
integration:rho:late_effect|organoid,0.07241934738328237,0.0724193473832823,True,
integration:p:late_effect|organoid,0.3784858598681593,0.3784858598681592,True,
integration:rho:bulk_1mo|bulk_3mo,0.2513902645838143,0.2513902645838143,True,
integration:p:bulk_1mo|bulk_3mo,0.0007121470337618507,0.0007121470337618,True,
integration:rho:bulk_1mo|muller3mo,-0.23583589824337797,-0.2358358982433779,True,
integration:p:bulk_1mo|muller3mo,0.0015291226088652845,0.0015291226088652,True,
integration:rho:bulk_1mo|bulk_6mo,0.32857056224459513,0.3285705622445951,True,
integration:p:bulk_1mo|bulk_6mo,7.543454229853802e-06,7.543454229853809e-06,True,
integration:rho:bulk_1mo|organoid,-0.03298813280590249,-0.0329881328059024,True,
integration:p:bulk_1mo|organoid,0.6886043758442026,0.6886043758442024,True,
integration:rho:bulk_3mo|muller3mo,-0.21202771698713413,-0.2120277169871341,True,
integration:p:bulk_3mo|muller3mo,0.004493708329510767,0.0044937083295107,True,
integration:rho:bulk_3mo|bulk_6mo,0.29878533378584976,0.2987853337858497,True,
integration:p:bulk_3mo|bulk_6mo,5.096853189412985e-05,5.096853189412982e-05,True,
integration:rho:bulk_3mo|organoid,-0.008606604737988355,-0.0086066047379883,True,
integration:p:bulk_3mo|organoid,0.9167494854502686,0.9167494854502684,True,
integration:rho:muller3mo|bulk_6mo,-0.2412809903726771,-0.2412809903726771,True,
integration:p:muller3mo|bulk_6mo,0.0011766459378076096,0.0011766459378076,True,
integration:rho:muller3mo|organoid,-0.006480288012800569,-0.0064802880128005,True,
integration:p:muller3mo|organoid,0.9372681614135233,0.9372681614135232,True,
integration:rho:bulk_6mo|organoid,-0.0002649006622516557,-0.0002649006622516,True,
integration:p:bulk_6mo|organoid,0.9974330369240166,0.9974330369240166,True,
integration:correlation_FDR_vector_max_absdiff,2.992397996059992e-16,0.0,True,
bridge:rho:early_effect|human_DM,0.014205486356109154,0.0142054863561091,True,
bridge:p:early_effect|human_DM,0.8536936672779041,0.8536936672779041,True,
bridge:rho:muller3mo|human_DM,-0.20146158830729358,-0.2014615883072935,True,
bridge:p:muller3mo|human_DM,0.008235054983346103,0.0082350549833461,True,
bridge:rho:early_effect|human_DR,0.08795454913635221,0.0879545491363522,True,
bridge:p:early_effect|human_DR,0.25264957840575314,0.2526495784057532,True,
bridge:rho:muller3mo|human_DR,-0.0911141257554858,-0.0911141257554858,True,
bridge:p:muller3mo|human_DR,0.2359384726443927,0.2359384726443928,True,
bridge:rho:early_effect|human_DM_vs_DR,-0.08292653658770731,-0.0829265365877073,True,
bridge:p:early_effect|human_DM_vs_DR,0.2808954775819983,0.2808954775819985,True,
bridge:rho:muller3mo|human_DM_vs_DR,-0.07602419180646555,-0.0760241918064655,True,
bridge:p:muller3mo|human_DM_vs_DR,0.32301323992308867,0.3230132399230889,True,
lin:1M:reported_n,16,16,True,
lin:1M:up,11,11,True,
lin:1M:down,5,5,True,
lin:1M:median,0.28370019801793,0.28370019801793,True,
lin:2M:reported_n,22,22,True,
lin:2M:up,9,9,True,
lin:2M:down,13,13,True,
lin:2M:median,-0.280668951780391,-0.280668951780391,True,
lin:3M:reported_n,23,23,True,
lin:3M:up,11,11,True,
lin:3M:down,12,12,True,
lin:3M:median,-0.257405737855023,-0.257405737855023,True,
figure_exists:Figure1_Discovery.pdf,True,True,True,size=21271
figure_exists:Figure1_Discovery.svg,True,True,True,size=79209
figure_exists:Figure1_Discovery.png,True,True,True,size=276458
figure_exists:Figure2_MouseProgression.pdf,True,True,True,size=22308
figure_exists:Figure2_MouseProgression.svg,True,True,True,size=76362
figure_exists:Figure2_MouseProgression.png,True,True,True,size=314721
figure_exists:Figure3_HumanTranslation.pdf,True,True,True,size=21919
figure_exists:Figure3_HumanTranslation.svg,True,True,True,size=55252
figure_exists:Figure3_HumanTranslation.png,True,True,True,size=165521
figure_exists:Figure4_Organoid.pdf,True,True,True,size=19286
figure_exists:Figure4_Organoid.svg,True,True,True,size=53574
figure_exists:Figure4_Organoid.png,True,True,True,size=182921
figure_exists:Figure5A_CrossSystemDirection.pdf,True,True,True,size=19246
figure_exists:Figure5A_CrossSystemDirection.svg,True,True,True,size=71438
figure_exists:Figure5A_CrossSystemDirection.png,True,True,True,size=274016
figure_exists:Figure5B_GeneLevelConcordance.pdf,True,True,True,size=15199
figure_exists:Figure5B_GeneLevelConcordance.svg,True,True,True,size=43838
figure_exists:Figure5B_GeneLevelConcordance.png,True,True,True,size=122790
figure_exists:Supplement_Lin2025.pdf,True,True,True,size=15703
figure_exists:Supplement_Lin2025.svg,True,True,True,size=35289
figure_exists:Supplement_Lin2025.png,True,True,True,size=92826
